<?xml version="1.0" encoding="UTF-8"?>
<!DOCTYPE mapper PUBLIC "-//mybatis.org//DTD Mapper 3.0//EN" "http://mybatis.org/dtd/mybatis-3-mapper.dtd">
<mapper namespace="com.vitaltrack.dao.CounselBoardDao">

  <!-- 상담 게시글 목록 조회 -->
  <select id="boardList" parameterType="java.util.Map" resultType="java.util.Map">
  SELECT cs.counselNo,
         cs.counselTitle,
         cs.counselContent,
         DATE_FORMAT(cs.counselDate, '%Y.%m.%d') AS counselDate,
         mem.memNick
    FROM counsel cs
    JOIN memberinfo mem ON cs.memNo = mem.memNo
   WHERE 1=1
                                                             <!-- 관리자가 아닌 경우 자신이 작성한 글만 조회 -->
    <if test="admin != null and admin == 0">
       AND cs.memNo = #{memNo}
    </if>

    <!-- gubun이 있을 때 -->
    <if test="gubun != null and gubun != '' and keyword != null and keyword != ''">
      <choose>
        <when test="gubun == 'counselTitle'">
           AND cs.counselTitle LIKE CONCAT('%', #{keyword}, '%')
        </when>
        <when test="gubun == 'counselContent'">
           AND REGEXP_REPLACE(cs.counselContent, '&lt;[^&gt;]*&gt;', '') LIKE CONCAT('%', #{keyword}, '%')
        </when>
      </choose>
    </if>

    <!-- gubun이 없고 keyword만 있을 때 (제목 + 내용 검색) -->
    <if test="(gubun == null or gubun == '') and keyword != null and keyword != ''">
       AND (cs.counselTitle LIKE CONCAT('%', #{keyword}, '%') 
            OR REGEXP_REPLACE(cs.counselContent, '&lt;[^&gt;]*&gt;', '') LIKE CONCAT('%', #{keyword}, '%'))
    </if>

   ORDER BY cs.counselNo DESC
  </select>

  <!-- 상담 게시글 상세 조회 (댓글 포함) -->
  <select id="boardDetail" parameterType="int" resultType="java.util.Map">
    SELECT cs.counselNo,
           cs.counselTitle,
           cs.counselContent,
           DATE_FORMAT(cs.counselDate, '%Y.%m.%d') AS counselDate,
           mem.memNick,
           c.answerId,
           c.answerContent,
           DATE_FORMAT(c.answerDate, '%Y.%m.%d') AS commentDate,
           c.memNo AS commentWriter
      FROM counsel cs
      LEFT JOIN memberinfo mem ON cs.memNo = mem.memNo
      LEFT JOIN counselanswer c ON cs.counselNo = c.counselNo              <!-- ✅ 댓글 데이터 추가 -->
     WHERE cs.counselNo = #{counselNo}
  </select>

  <!-- 상담 게시글 등록 -->
  <insert id="boardInsert" parameterType="com.vitaltrack.model.CounselBoard">
    INSERT INTO counsel (counselTitle, counselContent, counselDate, memNo)
    VALUES (#{counselTitle}, #{counselContent}, NOW(), #{memNo})
  </insert>

  <!-- 상담 게시글 수정 -->
  <update id="boardUpdate" parameterType="map">
  UPDATE counsel
     SET counselTitle = #{counselTitle},
         counselContent = #{counselContent}
   WHERE counselNo = #{counselNo}
  </update>

  <!-- 상담 게시글 삭제 -->
  <delete id="boardDelete" parameterType="map">
    DELETE FROM counsel WHERE counselNo = #{counselNo}
  </delete>

  <!-- 댓글 작성자의 memNo 조회 -->
  <select id="getCommentWriterMemNo" parameterType="int" resultType="int">
  SELECT memNo FROM counselanswer WHERE answerId = #{answerId}
  </select>

  <!-- 댓글 목록 조회 -->
  <select id="commentList" parameterType="int" resultType="java.util.Map">
  SELECT c.answerId,
         c.answerContent,
         DATE_FORMAT(c.answerDate, '%Y.%m.%d') AS commentDate,
         c.memNo,
         m.memNick   
  FROM counselanswer c
  JOIN memberinfo m ON c.memNo = m.memNo
  WHERE c.counselNo = #{counselNo}
  ORDER BY c.answerDate ASC, c.answerId ASC
  </select>

  <!-- 댓글 등록 -->
  <insert id="commentInsert" parameterType="com.vitaltrack.model.CounselBoardComent">
    INSERT INTO counselanswer (counselNo, answerContent, answerDate, memNo)
    VALUES (#{counselNo}, #{answerContent}, NOW(), #{memNo})
  </insert>


  <!-- 댓글 수정 -->
  <update id="commentUpdate" parameterType="map">
    UPDATE counselanswer
       SET answerContent = #{answerContent}
     WHERE answerId = #{answerId}
  </update>

  <!-- 댓글 삭제 -->
  <delete id="commentDelete" parameterType="int">
    DELETE FROM counselanswer WHERE answerId = #{answerId}
  </delete>

</mapper>
