{
  "fields": [
    {"id": "식품코드" }, { "id": "식품명" }, { "id": "데이터구분코드" }, { "id": "데이터구분명" }, { "id": "식품기원코드" }, { "id": "식품기원명" }, { "id": "식품대분류코드" }, { "id": "식품대분류명" }, { "id": "대표식품코드" }, { "id": "대표식품명" }, { "id": "식품중분류코드" }, { "id": "식품중분류명" }, { "id": "식품소분류코드" }, { "id": "식품소분류명" }, { "id": "식품세분류코드" }, { "id": "식품세분류명" }, { "id": "영양성분함량기준량" }, { "id": "에너지(kcal)" }, { "id": "수분(g)" }, { "id": "단백질(g)" }, { "id": "지방(g)" }, { "id": "회분(g)" }, { "id": "탄수화물(g)" }, { "id": "당류(g)" }, { "id": "식이섬유(g)" }, { "id": "칼슘(mg)" }, { "id": "철(mg)" }, { "id": "인(mg)" }, { "id": "칼륨(mg)" }, { "id": "나트륨(mg)" }, { "id": "비타민 A(μg RAE)" }, { "id": "레티놀(μg)" }, { "id": "베타카로틴(μg)" }, { "id": "티아민(mg)" }, { "id": "리보플라빈(mg)" }, { "id": "니아신(mg)" }, { "id": "비타민 C(mg)" }, { "id": "비타민 D(μg)" }, { "id": "콜레스테롤(mg)" }, { "id": "포화지방산(g)" }, { "id": "트랜스지방산(g)" }, { "id": "출처코드" }, { "id": "출처명" }, { "id": "식품중량" }, { "id": "업체명" }, { "id": "데이터생성방법코드" }, { "id": "데이터생성방법명" }, { "id": "데이터생성일자" }, { "id": "데이터기준일자" }, { "id": "제공기관코드" }, { "id": "제공기관명" }
  ],
  "records": [
    { "식품코드": "D202-120000000-0473", "식품명": "피자_리얼랍스터스테이크 피자 씬도우 (L)", "데이터구분코드": "D", "데이터구분명": "음식", "식품기원코드": "2", "식품기원명": "외식(프랜차이즈 등 업체 제공 영양정", "식품대분류코드": "02", "식품대분류명": "빵 및 과자류", "대표식품코드": "02120", "대표식품명": "피자", "식품중분류코드": "0212000", "식품중분류명": "해당없음", "식품소분류코드": "021200000", "식품소분류명": "해당없음", "식품세분류코드": "00", "식품세분류명": "해당없음", "영양성분함량기준량": "100g", "에너지(kcal)": "273", "수분(g)": "", "단백질(g)": "14.14", "지방(g)": "", "회분(g)": "", "탄수화물(g)": "", "당류(g)": "2.62", "식이섬유(g)": "", "칼슘(mg)": "", "철(mg)": "", "인(mg)": "", "칼륨(mg)": "", "나트륨(mg)": "417", "비타민 A(μg RAE)": "", "레티놀(μg)": "", "베타카로틴(μg)": "", "티아민(mg)": "", "리보플라빈(mg)": "", "니아신(mg)": "", "비타민 C(mg)": "", "비타민 D(μg)": "", "콜레스테롤(mg)": "", "포화지방산(g)": "6.81", "트랜스지방산(g)": "", "출처코드": "3", "출처명": "식품의약품안전처", "식품중량": "765g", "업체명": "7번가피자", "데이터생성방법코드": "2", "데이터생성방법명": "수집", "데이터생성일자": "2022-10-30", "데이터기준일자": "2024-12-24", "제공기관코드": "1471000", "제공기관명": "식품의약품안전처" }
  ]
}